Workbook

Sheet Plumbing Library
A1: Product Family | B1: Item | C1: Default Unit | D1: Active
A2: Pipe | B2: Pipe | C2: m | D2: Yes
A3: Pipe Fitting | B3: 45° Elbow | C3: Nos | D3: Yes
A4: Pipe Fitting | B4: 90° Elbow | C4: Nos | D4: Yes
A5: Pipe Fitting | B5: Equal Tee | C5: Nos | D5: Yes
A6: Pipe Fitting | B6: Reducing Tee | C6: Nos | D6: Yes
A7: Pipe Fitting | B7: Equal Cross | C7: Nos | D7: Yes
A8: Pipe Fitting | B8: Concentric Reducer | C8: Nos | D8: Yes
A9: Pipe Fitting | B9: Eccentric Reducer | C9: Nos | D9: Yes
A10: Pipe Fitting | B10: Reducer Bush | C10: Nos | D10: Yes
A11: Pipe Fitting | B11: Coupling | C11: Nos | D11: Yes
A12: Pipe Fitting | B12: Reducing Coupling | C12: Nos | D12: Yes
... A82: Jointing Material | B82: CAF Gasket | C82: Nos | D82: Yes

Sheet Electrical Library
A1: Product Family | B1: Item | C1: Default Unit | D1: Active
A2: Power Cable | B2: Power Cable | C2: m | D2: Yes
A3: Control Cable | B3: Control Cable | C3: m | D3: Yes
A4: Instrument Cable | B4: Instrumentation Cable | C4: m | D4: Yes
A5: Cable Management | B5: Cable Tray | C5: m | D5: Yes
A6: Cable Management | B6: Cable Ladder | C6: m | D6: Yes
A7: Cable Management | B7: Cable Trunking | C7: m | D7: Yes
A8: Conduit | B8: PVC Conduit | C8: m | D8: Yes
A9: Conduit | B9: GI Conduit | C9: m | D9: Yes
A10: Conduit | B10: Flexible Conduit | C10: m | D10: Yes
A11: Cable Accessory | B11: Cable Gland | C11: Nos | D11: Yes
A12: Cable Accessory | B12: Double Compression Cable Gland | C12: Nos | D12: Yes
... A60: Electrical Accessory | B60: Indication Lamp | C60: Nos | D60: Yes

Sheet Material Master
A1: Material
A2: PVC
A3: UPVC
A4: CPVC
A5: HDPE
A6: PP
A7: DI
A8: CI
A9: CS
A10: SS304
A11: SS316
A12: GI
... A17: Nylon

Sheet Plumbing Size Master
A1: Size
A2: 15 mm
A3: 20 mm
A4: 25 mm
A5: 32 mm
A6: 40 mm
A7: 50 mm
A8: 63 mm
A9: 75 mm
A10: 90 mm
A11: 100 mm
A12: 110 mm
... A29: 4"

Sheet Electrical Size Master
A1: Size
A2: 0.75 sq.mm
A3: 1.5 sq.mm
A4: 2.5 sq.mm
A5: 4 sq.mm
A6: 6 sq.mm
A7: 10 sq.mm
A8: 16 sq.mm
A9: 25 sq.mm
A10: 35 sq.mm
A11: 50 sq.mm
A12: 70 sq.mm
... A27: 600 mm

Sheet Core Master
A1: Core
A2: 1C
A3: 2C
A4: 3C
A5: 3.5C
A6: 4C
A7: 5C
A8: 7C
A9: 12C
A10: 19C
A11: 24C

Sheet Unit Master
A1: Unit
A2: m
A3: Nos
A4: Roll
A5: Kg
A6: Tin
A7: Tube
A8: Set
A9: Litre

Sheet Plumbing MTO
B2: Sl | C2: Item | D2: Material | E2: Primary Size | F2: Secondary Size | G2: Qty | H2: Unit | I2: Remarks
B3: 1 | C3: Pipe | D3: PVC | E3: 40 mm | G3: 10 | H3: =IFERROR(INDEX('Plumbing Library'!$C$2:$C$48,MATCH(C3,'Plumbing Library'!$B$2:$B$48,0)),"") -> m
B4: 2 | C4: Reducer Bush | D4: UPVC | E4: 50 mm | F4: 40 mm | G4: 2 | H4: =IFERROR(INDEX('Plumbing Library'!$C$2:$C$48,MATCH(C4,'Plumbing Library'!$B$2:$B$48,0)),"") -> Nos
B5: 3 | C5: Union | D5: CPVC | H5: =IFERROR(INDEX('Plumbing Library'!$C$2:$C$48,MATCH(C5,'Plumbing Library'!$B$2:$B$48,0)),"") -> Nos
B6: 4 | H6: =IFERROR(INDEX('Plumbing Library'!$C$2:$C$48,MATCH(C6,'Plumbing Library'!$B$2:$B$48,0)),"")
B7: 5 | H7: =IFERROR(INDEX('Plumbing Library'!$C$2:$C$48,MATCH(C7,'Plumbing Library'!$B$2:$B$48,0)),"")
B8: 6 | H8: =IFERROR(INDEX('Plumbing Library'!$C$2:$C$48,MATCH(C8,'Plumbing Library'!$B$2:$B$48,0)),"")
B9: 7 | H9: =IFERROR(INDEX('Plumbing Library'!$C$2:$C$48,MATCH(C9,'Plumbing Library'!$B$2:$B$48,0)),"")
B10: 8 | H10: =IFERROR(INDEX('Plumbing Library'!$C$2:$C$48,MATCH(C10,'Plumbing Library'!$B$2:$B$48,0)),"")
B11: 9 | H11: =IFERROR(INDEX('Plumbing Library'!$C$2:$C$48,MATCH(C11,'Plumbing Library'!$B$2:$B$48,0)),"")
B12: 10 | H12: =IFERROR(INDEX('Plumbing Library'!$C$2:$C$48,MATCH(C12,'Plumbing Library'!$B$2:$B$48,0)),"")
B13: 11 | H13: =IFERROR(INDEX('Plumbing Library'!$C$2:$C$48,MATCH(C13,'Plumbing Library'!$B$2:$B$48,0)),"")
B14: 12 | H14: =IFERROR(INDEX('Plumbing Library'!$C$2:$C$48,MATCH(C14,'Plumbing Library'!$B$2:$B$48,0)),"")
B15: 13 | H15: =IFERROR(INDEX('Plumbing Library'!$C$2:$C$48,MATCH(C15,'Plumbing Library'!$B$2:$B$48,0)),"")
B16: 14 | H16: =IFERROR(INDEX('Plumbing Library'!$C$2:$C$48,MATCH(C16,'Plumbing Library'!$B$2:$B$48,0)),"")
B17: 15 | H17: =IFERROR(INDEX('Plumbing Library'!$C$2:$C$48,MATCH(C17,'Plumbing Library'!$B$2:$B$48,0)),"")
... B202: 200 | H202: =IFERROR(INDEX('Plumbing Library'!$C$2:$C$48,MATCH(C202,'Plumbing Library'!$B$2:$B$48,0)),"")

Sheet Electrical MTO
B2: Sl | C2: Item | D2: Material | E2: Size | F2: Core | G2: Qty | H2: Unit | I2: Remarks
B3: 1 | C3: Power Cable | D3: Copper | E3: 2.5 sq.mm | F3: 4C | G3: 15 | H3: =IFERROR(INDEX('Electrical Library'!$C$2:$C$34,MATCH(C3,'Electrical Library'!$B$2:$B$34,0)),"") -> m
B4: 2 | H4: =IFERROR(INDEX('Electrical Library'!$C$2:$C$34,MATCH(C4,'Electrical Library'!$B$2:$B$34,0)),"")
B5: 3 | H5: =IFERROR(INDEX('Electrical Library'!$C$2:$C$34,MATCH(C5,'Electrical Library'!$B$2:$B$34,0)),"")
B6: 4 | H6: =IFERROR(INDEX('Electrical Library'!$C$2:$C$34,MATCH(C6,'Electrical Library'!$B$2:$B$34,0)),"")
B7: 5 | H7: =IFERROR(INDEX('Electrical Library'!$C$2:$C$34,MATCH(C7,'Electrical Library'!$B$2:$B$34,0)),"")
B8: 6 | H8: =IFERROR(INDEX('Electrical Library'!$C$2:$C$34,MATCH(C8,'Electrical Library'!$B$2:$B$34,0)),"")
B9: 7 | H9: =IFERROR(INDEX('Electrical Library'!$C$2:$C$34,MATCH(C9,'Electrical Library'!$B$2:$B$34,0)),"")
B10: 8 | H10: =IFERROR(INDEX('Electrical Library'!$C$2:$C$34,MATCH(C10,'Electrical Library'!$B$2:$B$34,0)),"")
B11: 9 | H11: =IFERROR(INDEX('Electrical Library'!$C$2:$C$34,MATCH(C11,'Electrical Library'!$B$2:$B$34,0)),"")
B12: 10 | H12: =IFERROR(INDEX('Electrical Library'!$C$2:$C$34,MATCH(C12,'Electrical Library'!$B$2:$B$34,0)),"")
B13: 11 | H13: =IFERROR(INDEX('Electrical Library'!$C$2:$C$34,MATCH(C13,'Electrical Library'!$B$2:$B$34,0)),"")
B14: 12 | H14: =IFERROR(INDEX('Electrical Library'!$C$2:$C$34,MATCH(C14,'Electrical Library'!$B$2:$B$34,0)),"")
B15: 13 | H15: =IFERROR(INDEX('Electrical Library'!$C$2:$C$34,MATCH(C15,'Electrical Library'!$B$2:$B$34,0)),"")
... B202: 200 | H202: =IFERROR(INDEX('Electrical Library'!$C$2:$C$34,MATCH(C202,'Electrical Library'!$B$2:$B$34,0)),"")
